Trump,['RT @realDonaldTrump: I am pleased to inform you that The United States of America has reached a signed agreement with Mexico. The Tariffs s…']
Trump,"['RT @realDonaldTrump: ....stem the tide of Migration through Mexico, and to our Southern Border. This is being done to greatly reduce, or el…']"
Trump,['RT @realDonaldTrump: MEXICO HAS AGREED TO IMMEDIATELY BEGIN BUYING LARGE QUANTITIES OF AGRICULTURAL PRODUCT FROM OUR GREAT PATRIOT FARMERS!']
Trump,"['I know it is not at all “Presidential” to hit back at the Corrupt Media, or people who work for the Corrupt Media, when they make false statements about me or the Trump Administration. Problem is, if you don’t hit back, people believe the Fake News is true. So we’ll hit back!']"
Trump,"['....other than to know he was, and is, a total Loser. When he makes statements about me, they are made up, he knows nothing!']"
Trump,"['Little @DonnyDeutsch, whose show, like his previous shoebiz tries, is a disaster, has been saying that I had been a friend of his. This is false. He, &amp; separately @ErinBurnett, used to BEG me to be on episodes of the Apprentice (both were bad), but that was it. Hardly knew him,..']"
Trump,"['Just watched the Great @Rick24Barry, Basketball Hall of Famer, on the @marklevinshow @FoxNews. A wonderful interview of a very smart and interesting guy by the man, Mark Levin, who has the number one bestselling book, Unfreedom of the Press. Two Winners!']"
Trump,"['Watched MSNBC this morning just to see what the opposition was saying about events of the past week. Such lies, almost everything they were saying was the opposite of the truth. Fake News! No wonder their ratings, along with CNN, are WAY DOWN. The hatred Comcast has is amazing!']"
Trump,"['I would like to thank the President of Mexico, Andres Manuel Lopez Obrador, and his foreign minister, Marcelo Ebrard, together with all of the many representatives of both the United States and Mexico, for working so long and hard to get our agreement on immigration completed!']"
Trump,['Everyone very excited about the new deal with Mexico!']
Trump,"['Nervous Nancy Pelosi &amp; the Democrat House are getting nothing done. Perhaps they could lead the way with the USMCA, the spectacular &amp; very popular new Trade Deal that replaces NAFTA, the worst Trade Deal in the history of the U.S.A. Great for our Farmers, Manufacturers &amp; Unions!']"
Trump,['MEXICO HAS AGREED TO IMMEDIATELY BEGIN BUYING LARGE QUANTITIES OF AGRICULTURAL PRODUCT FROM OUR GREAT PATRIOT FARMERS!']
Trump,"['Mexico will try very hard, and if they do that, this will be a very successful agreement for both the United States and Mexico!']"
Trump,"['Brandon Judd, National Border Patrol Council: “That’s going to be a huge deal because Mexico will be using their strong Immigration Laws - A game changer. People no longer will be released into the U.S.” Also, 6000 Mexican Troops at their Southern Border. Currently there are few!']"
Trump,"['While the reviews and reporting on our Border Immigration Agreement with Mexico have been very good, there has nevertheless been much false reporting (surprise!) by the Fake and Corrupt News Media, such as Comcast/NBC, CNN, @nytimes &amp; @washingtonpost. These “Fakers” are Bad News!']"
Trump,"['....stem the tide of Migration through Mexico, and to our Southern Border. This is being done to greatly reduce, or eliminate, Illegal Immigration coming from Mexico and into the United States. Details of the agreement will be released shortly by the State Department. Thank you!']"
Trump,"['I am pleased to inform you that The United States of America has reached a signed agreement with Mexico. The Tariffs scheduled to be implemented by the U.S. on Monday, against Mexico, are hereby indefinitely suspended. Mexico, in turn, has agreed to take strong measures to....']"
Trump,['Dow Jones has best week of the year!']
Trump,['Heading back to D.C. Many great things are happening for our Country!']
Trump,"['For all of the money we are spending, NASA should NOT be talking about going to the Moon - We did that 50 years ago. They should be focused on the much bigger things we are doing, including Mars (of which the Moon is a part), Defense and Science!']"
Trump,['Democrats are incapable of doing a good and solid Immigration Bill!']
Trump,"['If we are able to make the deal with Mexico, &amp; there is a good chance that we will, they will begin purchasing Farm &amp; Agricultural products at very high levels, starting immediately. If we are unable to make the deal, Mexico will begin paying Tariffs at the 5% level on Monday!']"
Trump,['...and have no intention of doing anything other than going on a fishing expedition to see if they can find anything on me - both illegal &amp; unprecedented in U.S. history. There was no Collusion - Investigate the Investigators! Go to work on Drug Price Reductions &amp; Infrastructure!']
Trump,"['Nervous Nancy Pelosi is a disgrace to herself and her family for having made such a disgusting statement, especially since I was with foreign leaders overseas. There is no evidence for such a thing to have been said. Nervous Nancy &amp; Dems are getting Zero work done in Congress....']"
Trump,"['China is subsidizing its product in order that it can continue to be sold in the USA. Many firms are leaving China for other countries, including the United States, in order to avoid paying the Tariffs. No visible increase in costs or inflation, but U.S. is taking in Billions!']"
Trump,['HAPPY BIRTHDAY to our great @VP Mike Pence! https://t.co/k2fmu5bR5R']
Trump,['https://t.co/xrrzYhPu0i']
Trump,['https://t.co/lNh7hQiQTN']
Trump,['#DDay75thAnniversary #DDay75 https://t.co/c8OTeHVScr']
Trump,"['“Mueller’s report was pure, political garbage!” @SeanHannity https://t.co/lRjtoPTiO8']"
Trump,['John Solomon: Factual errors and major omissions in the Mueller Report show that it is totally biased against Trump.']
Trump,"['RT @IngrahamAngle: For my full interview with \u2066@realDonaldTrump from Normandy\u2069, tune in tonight #IngrahamAngle \u2066@FoxNews\u2069 10pET https://t.c…']"
Trump,['#DDay75thAnniversary https://t.co/GIsoLML4NP']
Trump,"['Just signed Disaster Aid Bill to help Americans who have been hit by recent catastrophic storms. So important for our GREAT American farmers and ranchers. Help for GA, FL, IA, NE, NC, and CA. Puerto Rico should love President Trump. Without me, they would have been shut out! https://t.co/HXvYYdcNW5']"
Trump,"['To the men who sit behind me, and to the boys who rest in the field before me: your example will never grow old. Your legend will never tire, and your spirit - brave, unyielding, and true - will NEVER DIE! #DDay75thAnniversary https://t.co/5qwQjkvHdl']"
Trump,"['Today, we remember those who fell, and we honor all who fought, here in Normandy. They won back this ground for civilization. To more than 170 Veterans of the Second World War who join us today: You are among the very greatest Americans who will ever live! #DDay75thAnniversary https://t.co/n0uIVHlkRL']"
Trump,['So sorry to hear about the terrible accident involving our GREAT West Point Cadets. We mourn the loss of life and pray for the injured. God Bless them ALL!']
Trump,['#DDay75thAnniversary https://t.co/0fYfpvUghk']
Trump,['Heading over to Normandy to celebrate some of the bravest that ever lived. We are eternally grateful! #DDay75thAnniversary #DDay75 \nhttps://t.co/rg15c32Gow']
Trump,['A big and beautiful day today!']
Trump,"['“The President has received glowing reviews from the British Media. Here at home, not so much. MSNBC Ramps up hateful coverage and promotes conspiracy theories during Trump’s trip to Europe.”  @seanhannity  The good news is that @maddow is dying in the ratings, along with @CNN!']"
Trump,['#DDay75thAnniversary #DDay75 https://t.co/BwfVEt7gTG']
Trump,"['....talks with Mexico will resume tomorrow with the understanding that, if no agreement is reached, Tariffs at the 5% level will begin on Monday, with monthly increases as per schedule. The higher the Tariffs go, the higher the number of companies that will move back to the USA!']"
Trump,"['Immigration discussions at the White House with representatives of Mexico have ended for the day. Progress is being made, but not nearly enough! Border arrests for May are at 133,000 because of Mexico &amp; the Democrats in Congress refusing to budge on immigration reform. Further...']"
Trump,"['As we approach the 75th Anniversary of D-Day, we proudly commemorate those heroic and honorable patriots who gave their all for the cause of freedom during some of history’s darkest hours. #DDay75 https://t.co/hjTkdM7VcN']"
Trump,"['“House Republicans support the President on Tariffs with Mexico all the way, &amp; that makes any measure the President takes on the Border totally Veto proof. Why wouldn’t you as Republicans support him when that will allow our President to make a better deal.” Thank you @GOPLeader']"
Trump,"['If the totally Corrupt Media was less corrupt, I would be up by 15 points in the polls based on our tremendous success with the economy, maybe Best Ever! If the Corrupt Media was actually fair, I would be up by 25 points. Nevertheless, despite the Fake News, we’re doing great!']"
Trump,"['House Democrats, fresh off a Republican victory against them (in Federal Court) on the Wall,  keep asking people to come and testify regarding the No Collusion Witch Hunt. They are very unhappy with the Mueller Report, especially with his corrective letter, &amp; now want a Do Over!']"
Trump,"['Could not have been treated more warmly in the United Kingdom by the Royal Family or the people. Our relationship has never been better, and I see a very big Trade Deal down the road. “This trip has been an incredible success for the President.” @IngrahamAngle']"
Trump,['.@FLOTUS Melania and I send our deepest condolences to President Reuven Rivlin and the entire State of Israel upon the passing of Mrs. Nechama Rivlin. Mrs. Rivlin represented her beloved country with grace and stature. We will miss her along with all those who knew her.']
Trump,['RT @realDonaldTrump: Just had a big victory in Federal Court over the Democrats in the House on the desperately needed Border Wall. A big s…']
Trump,"['I kept hearing that there would be “massive” rallies against me in the UK, but it was quite the opposite. The big crowds, which the Corrupt Media hates to show, were those that gathered in support of the USA and me. They were big &amp; enthusiastic as opposed to the organized flops!']"
Trump,"['Plagiarism charge against Sleepy Joe Biden on his ridiculous Climate Change Plan is a big problem, but the Corrupt Media will save him. His other problem is that he is drawing flies, not people, to his Rallies. Nobody is showing up, I mean nobody. You can’t win without people!']"
Trump,"['Washed up psycho @BetteMidler was forced to apologize for a statement she attributed to me that turned out to be totally fabricated by her in order to make “your great president” look really bad. She got caught, just like the Fake News Media gets caught. A sick scammer!']"
Trump,"['Can you imagine Cryin’ Chuck Schumer saying out loud, for all to hear, that I am bluffing with respect to putting Tariffs on Mexico. What a Creep. He would rather have our Country fail with drugs &amp; Immigration than give Republicans a win. But he gave Mexico bad advice, no bluff!']"
Trump,['RT @USAmbUK: President @realdonaldtrump and @FLOTUS welcome The Prince of Wales and The Duchess of Cornwall as they arrive at Winfield Hous…']
Trump,"['RT @RoyalFamily: Tonight, The Prince of Wales and The Duchess of Cornwall attended a dinner in London hosted by @POTUS and @FLOTUS on the s…']"
Trump,['Just had a big victory in Federal Court over the Democrats in the House on the desperately needed Border Wall. A big step in the right direction. Wall is under construction!']
Trump,['https://t.co/tlGGQJahr1']
Trump,"['RT @WhiteHouse: ""On behalf of all Americans, I offer a toast to the eternal friendship of our people, the vitality of our nations, and to t…']"
Trump,"['RT @WhiteHouse: ""This evening, we thank God for the brave sons of the United Kingdom and the United States, who defeated the Nazis and the…']"
Trump,['RT @WhiteHouse: President @realDonaldTrump and @FLOTUS are guests of Her Majesty Queen Elizabeth II for a State Banquet at Buckingham Palac…']
Trump,"['RT @RoyalFamily: The Prince of Wales, The Duchess of Cornwall @ClarenceHouse The Duke and Duchess of Cambridge @KensingtonRoyal, The Duke o…']"
Trump,"['As a sign of good faith, Mexico should immediately stop the flow of people and drugs through their country and to our Southern Border. They can do it if they want!']"
Trump,['Russia has informed us that they have removed most of their people from Venezuela.']
Trump,"['....Fake News will be working hard to find them. Great love all around. Also, big Trade Deal is possible once U.K. gets rid of the shackles. Already starting to talk!']"
Trump,"['London part of trip is going really well. The Queen and the entire Royal family have been fantastic. The relationship with the United Kingdom is very strong. Tremendous crowds of well wishers and people that love our Country. Haven’t seen any protests yet, but I’m sure the....']"
Trump,"['RT @RoyalFamily: The Queen, President Trump and the First Lady view a display of items from the Royal Collection illustrating the enduring…']"
Trump,"['RT @RoyalFamily: The President and The Prince of Wales inspect a Guard of Honour formed by Nijmegen Company, Grenadier Guards. #USStateVisi…']"
Trump,"['RT @RoyalFamily: The President and Mrs Trump stand with The Queen, The Prince of Wales and The Duchess of Cornwall as the US and UK nationa…']"
Trump,"['I believe that if people stoped using or subscribing to @ATT, they would be forced to make big changes at @CNN, which is dying in the ratings anyway. It is so unfair with such bad, Fake News! Why wouldn’t they act. When the World watches @CNN, it gets a false picture of USA. Sad!']"
Trump,"['Just arrived in the United Kingdom. The only problem is that @CNN is the primary source of news available from the U.S. After watching it for a short while, I turned it off. All negative &amp; so much Fake News, very bad for U.S. Big ratings drop. Why doesn’t owner @ATT do something?']"
Trump,"['China is subsidizing its product in order that it can continue to be sold in the USA. Many firms are leaving China for other countries, including the United States, in order to avoid paying the Tariffs. No visible increase in costs or inflation, but U.S. is taking Billions!']"
Trump,"['....Kahn reminds me very much of our very dumb and incompetent Mayor of NYC, de Blasio, who has also done a terrible job - only half his height. In any event, I look forward to being a great friend to the United Kingdom, and am looking very much forward to my visit. Landing now!']"
Trump,"['.@SadiqKhan, who by all accounts has done a terrible job as Mayor of London, has been foolishly “nasty” to the visiting President of the United States, by far the most important ally of the United Kingdom. He is a stone cold loser who should focus on crime in London, not me......']"
Trump,"['RT @SteveScalise: Thank you for your leadership on this, @realDonaldTrump! It was great to visit the Cameron LNG export facility with you l…']"
Trump,"['BIG NEWS! As I promised two weeks ago, the first shipment of LNG has just left the Cameron LNG Export Facility in Louisiana. Not only have thousands of JOBS been created in USA, we’re shipping freedom and opportunity abroad!']"
Trump,"['Kevin Hassett, who has done such a great job for me and the Administration, will be leaving shortly. His very talented replacement will be named as soon as I get back to the U.S. I want to thank Kevin for all he has done - he is a true friend!']"
Trump,"['Hearing word that Russia, Syria and, to a lesser extent, Iran, are bombing the hell out of Idlib Province in Syria, and indiscriminately killing many innocent civilians. The World is watching this butchery. What is the purpose, what will it get you? STOP!']"
Trump,"['Democrats can’t impeach a Republican President for crimes committed by Democrats. The facts are “pouring” in. The Greatest Witch Hunt in American History! Congress, go back to work and help us at the Border, with Drug Prices and on Infrastructure.']"
Trump,"['Mexico is sending a big delegation to talk about the Border. Problem is, they’ve been “talking” for 25 years. We want action, not talk. They could solve the Border Crisis in one day if they so desired. Otherwise, our companies and jobs are coming back to the USA!']"
Trump,"['Peggy Noonan, the simplistic writer for Trump Haters all, is stuck in the past glory of Reagan and has no idea what is happening with the Radical Left Democrats, or how vicious and desperate they are. Mueller had to correct his ridiculous statement, Peggy never understood it!']"
Trump,['RT @realDonaldTrump: THE TRUTH! The Witch Hunt is dead. Thank you @marcthiessen. https://t.co/myKaSEnbs7']
Trump,['RT @realDonaldTrump: GREAT NEWS! #MAGA https://t.co/91Yk8B11bP']
Trump,"['I never called Meghan Markle “nasty.” Made up by the Fake News Media, and they got caught cold! Will @CNN, @nytimes and others apologize? Doubt it!']"
Trump,"['NO COLLUSION, NO OBSTRUCTION, NO NOTHING! “What the Democrats are trying to do is the biggest sin in the impeachment business.” David Rivkin, Constitutional Scholar. Meantime, the Dems are getting nothing done in Congress. They are frozen stiff. Get back to work, much to do!']"
Trump,"['The Wall is under construction and moving along quickly, despite all of the Radical Liberal Democrat lawsuits. What are they thinking as our Country is invaded by so many people (illegals) and things (Drugs) that we do not want. Make America Great Again!']"
Trump,"['....Coyotes and Illegal Immigrants, which they can do very easily, or our many companies and jobs that have been foolishly allowed to move South of the Border, will be brought back into the United States through taxation (Tariffs). America has had enough!']"
Trump,"['People have been saying for years that we should talk to Mexico. The problem is that Mexico is an “abuser” of the United States, taking but never giving. It has been this way for decades. Either they stop the invasion of our Country by Drug Dealers, Cartels, Human Traffickers....']"
Trump,['The Democrats are doing nothing on the Border to address the Humanitarian and National Security Crisis! Could be fixed so easily if they would vote with Republicans to fix the loopholes.']
Trump,"['RT @realDonaldTrump: I will be announcing my Second Term Presidential Run with First Lady Melania, Vice President Mike Pence, and Second La…']"
Trump,"['The Great Jerry West will be receiving our Nation’s highest civilian honor, The Presidential Medal of Freedom, for his outstanding career, both on and off the court. Happy Birthday Jerry! @Sen_JoeManchin https://t.co/3kNEpteYfW']"
Trump,['THE TRUTH! The Witch Hunt is dead. Thank you @marcthiessen. https://t.co/myKaSEnbs7']
Trump,"[""RT @DavidBrodyCBN: Trump's approval rating hits highest point in two years https://t.co/TT09Ovd5r8""]"
Trump,"['RT @peterbakernyt: Trump to award Medal of Freedom to Arthur Laffer, father of supply side economics that gained prominence in the Reagan y…']"
Trump,['RT @DavidBrodyCBN: .@jaketapper and @CNN are spreading a false story. This is a perfect example of how the liberal media takes something co…']
Trump,['RT @JennaBrowder: #FaithNation everyday at 6pm eastern — join me and @JohnJessupCBN over on the new 24/7 CBN News Channel by downloading ou…']
Trump,['RT @JennaBrowder: “This is not a political endorsement. It’s just simply praying for the president.” - @Franklin_Graham tells me and @JohnJ…']
Trump,['We will all stick together and WIN! Thank you Franklin. https://t.co/IS7OfkmGKA']
Trump,['RT @Franklin_Graham: Announcing Special Day of Prayer for the President - June 2 https://t.co/IxtApdsjOI']
Trump,['RT @toddstarnes: Franklin Graham Calls for National Day of Prayer for President Trump - https://t.co/WS2nRB1oME https://t.co/Smu9eC9YAG']
Trump,['RT @jackngraham: I’m joining my good friend @Franklin_Graham and hundreds of other faith leaders in asking our churches across America to p…']
Trump,"['RT @Franklin_Graham: I want to remind everyone of the importance of praying for @POTUS @realDonaldTrump this Sun., June 2. We need to pray…']"
Trump,"[""RT @Franklin_Graham: Thank you to the thousands of people who have already let me know that you'll be praying this Sunday. If you’d like to…""]"
Trump,['RT @Franklin_Graham: I also hope thousands of pastors across the nation will take a moment in their service this Sunday to pray for the Pre…']
Trump,"['RT @financialissues: .@Franklin_Graham will be joining me LIVE on Financial Issues to talk about the nationwide movement, Special Day of Pr…']"
Trump,"['Thank you so much, Franklin! https://t.co/LK7sHUGrZ7']"
Trump,"['When you are the “Piggy Bank” Nation that foreign countries have been robbing and deceiving for years, the word TARIFF is a beautiful word indeed! Others must treat the United States fairly and with respect - We are no longer the “fools” of the past!']"
Trump,"['...travesty that is taking place in allowing millions of people to easily meander through their country and INVADE the U.S., not to mention the Drugs &amp; Human Trafficking pouring in through Mexico. Are the Drug Lords, Cartels &amp; Coyotes really running Mexico? We will soon find out!']"
Trump,"['....U.S. in order to avoid paying the 25% Tariff. Like Mexican companies will move back to the United States once the Tariff reaches the higher levels. They took many of our companies &amp; jobs, the foolish Pols let it happen, and now they will come back unless Mexico stops the.....']"
Trump,"['Washington Post got it wrong, as usual. The U.S. is charging 25% against 250 Billion Dollars of goods shipped from China, not 200 BD. Also, China is paying a heavy cost in that they will subsidize goods to keep them coming, devalue their currency, yet companies are moving to.....']"
Trump,['The United States stands ready to work with @NayibBukele to advance prosperity in El Salvador and the hemisphere. Congratulations President Bukele on your inauguration!']
Trump,"['Emmet Flood, who came to the White House to help me with the Mueller Report, will be leaving service on June 14th. He has done an outstanding job – NO COLLUSION - NO OBSTRUCTION! Case Closed! Emmet is my friend, and I thank him for the GREAT JOB he has done.']"
Trump,"['Spoke to Virginia Governor @RalphNortham last night, and the Mayor and Vice Mayor of Virginia Beach this morning, to offer condolences to that great community. The Federal Government is there, and will be, for whatever they may need. God bless the families and all!']"
Trump,"['I will be announcing my Second Term Presidential Run with First Lady Melania, Vice President Mike Pence, and Second Lady Karen Pence on June 18th in Orlando, Florida, at the 20,000 seat Amway Center. Join us for this Historic Rally! Tickets: https://t.co/1krDP2oQvG']"
Trump,['GREAT NEWS! #MAGA https://t.co/91Yk8B11bP']
Trump,['....on the basis of their sexual orientation. My Administration has launched a global campaign to decriminalize homosexuality and invite all nations to join us in this effort!']
Trump,"['As we celebrate LGBT Pride Month and recognize the outstanding contributions LGBT people have made to our great Nation, let us also stand in solidarity with the many LGBT people who live in dozens of countries worldwide that punish, imprison, or even execute individuals....']"
Trump,"['.@SeanHannity is having a DEEP STATE SHOW tonight on Fox News at 9:00 PM (E), exposing the tremendous abuse of power that has been uncovered. Tremendous guests, a must see – Enjoy!']"
Trump,"['Saddened to hear about the loss of John Pinto, a Navajo Code Talker in World War II, over the Memorial Day Weekend. The Code Talkers are true American HEROES and John never stopped serving his fellow citizens as a longtime New Mexico State Senator. John, Rest In Peace!']"
Trump,"['90% of the Drugs coming into the United States come through Mexico &amp; our Southern Border. 80,000 people died last year, 1,000,000 people ruined. This has gone on for many years &amp; nothing has been done about it. We have a 100 Billion Dollar Trade Deficit with Mexico. It’s time!']"
Trump,"['In order not to pay Tariffs, if they start rising, companies will leave Mexico, which has taken 30% of our Auto Industry, and come back home to the USA. Mexico must take back their country from the drug lords and cartels. The Tariff is about stopping drugs as well as illegals!']"
Trump,"['Mexico has taken advantage of the United States for decades. Because of the Dems, our Immigration Laws are BAD. Mexico makes a FORTUNE from the U.S., have for decades, they can easily fix this problem. Time for them to finally do what must be done!']"
Trump,"['Hard to believe that with the Crisis on the Border, the Dems won’t do the quick and easy fix. Would solve the problem but they want Open Borders, which equals crime!']"
Trump,['Congratulations to the @AF_Academy Class of 2019! https://t.co/A4Rxd1BsVn']
Trump,"['Sean Davis, The Federalist: “Mueller proved his entire operation was a political hit job. Still ZERO evidence of Trump-Russia Collusion, and no new evidence from Mueller.”  @TuckerCarlson @FoxNews']"
Trump,['RT @realDonaldTrump: How do you impeach a Republican President for a crime that was committed by the Democrats? WITCH-HUNT!']
Trump,['RT @TheHillOpinion: Shame on Robert Mueller for exceeding his role\n\nRead the full story:\nhttps://t.co/lbU4at5q8E\n\nVia: @AlanDersh https://t…']
Trump,['I will be watching @AlanDersh on @IngrahamAngle at 10:00 P.M. He speaks the truth!']
Trump,['....at which time the Tariffs will be removed. Details from the White House to follow.']
Trump,"['On June 10th, the United States will impose a 5% Tariff on all goods coming into our Country from Mexico, until such time as illegal migrants coming through Mexico, and into our Country, STOP. The Tariff will gradually increase until the Illegal Immigration problem is remedied,..']"
Trump,"['The Navy put out a disclaimer on the McCain story. Looks like the story was an exaggeration, or even Fake News - but why not, everything else is!']"
Trump,"['Yesterday, Border Patrol agents apprehended the largest group of illegal aliens ever: 1,036 people who illegally crossed the border in El Paso around 4am. Democrats need to stand by our incredible Border Patrol and finally fix the loopholes at our Border! https://t.co/6K1rIUzorM']"
Trump,"['RT @WhiteHouse: “You are ready to fly, fight, and win!” \n— President Donald J. Trump https://t.co/w6aWnp8K88']"
Trump,['RT @WhiteHouse: Thank you to all of the brave men and women graduating from the United States Air Force Academy today! \n\n“You could have ch…']
Trump,['Just arrived in Colorado. Getting ready to deliver the commencement speech at the Air Force Academy graduation. Very exciting - probably will be broadcast live on TV. They want good ratings!']
Trump,['https://t.co/J80cxMYVDX']
Trump,"['Very sad to hear the news on the passing of my friend, Senator Thad Cochran. He was a real Senator with incredible values - even flew back to Senate from Mississippi for important Healthcare Vote when he was desperately ill. Thad never let our Country (or me) down!']"
Trump,"['Robert Mueller came to the Oval Office (along with other potential candidates) seeking to be named the Director of the FBI. He had already been in that position for 12 years, I told him NO. The next day he was named Special Counsel - A total Conflict of Interest. NICE!']"
Trump,['“Comey and Brennan are turning on each other.”  @kilmeade']
Trump,"['Congressman John Ratcliffe, “The Trump Campaign clearly did not conspire or collude.” @FoxNews']"
Trump,"['....say he fought back against this phony crime that didn’t exist, this horrendous false accusation, and he shouldn’t fight back, he should just sit back and take it. Could this be Obstruction? No, Mueller didn’t find Obstruction either. Presidential Harassment!']"
Trump,"['Russia, Russia, Russia! That’s all you heard at the beginning of this Witch Hunt Hoax...And now Russia has disappeared because I had nothing to do with Russia helping me to get elected. It was a crime that didn’t exist. So now the Dems and their partner, the Fake News Media,.....']"
Trump,"['The Greatest Presidential Harassment in history. After spending $40,000,000 over two dark years, with unlimited access, people, resources and cooperation, highly conflicted Robert Mueller would have brought charges, if he had ANYTHING, but there were no charges to bring!']"
Trump,"['I was not informed about anything having to do with the Navy Ship USS John S. McCain during my recent visit to Japan. Nevertheless, @FLOTUS and I loved being with our great Military Men and Women - what a spectacular job they do!']"
Trump,"['Great show tonight @seanhannity, you really get it (9:00 P.M. @FoxNews), that’s why you’re Number One (by far)! Also, please tell Mark Levin congrats on having the Number One book!']"
Trump,['How do you impeach a Republican President for a crime that was committed by the Democrats? WITCH-HUNT!']
Trump,['RT @PressSec: White House Statement on Mueller statement today: https://t.co/f5TXzf3Qpd']
Trump,['RT @kayleighmcenany: “Now it’s time to turn to the origins of the Russia hoax and get to the bottom of why the Trump campaign was spied on…']
Trump,"['Nothing changes from the Mueller Report. There was insufficient evidence and therefore, in our Country, a person is innocent. The case is closed! Thank you.']"
Trump,"['...If Alabama does not elect a Republican to the Senate in 2020, many of the incredible gains that we have made during my Presidency may be lost, including our Pro-Life victories. Roy Moore cannot win, and the consequences will be devastating....Judges and Supreme Court Justices!']"
Trump,"['Republicans cannot allow themselves to again lose the Senate seat in the Great State of Alabama. This time it will be for Six Years, not just Two. I have NOTHING against Roy Moore, and unlike many other Republican leaders, wanted him to win. But he didn’t, and probably won’t.....']"
Trump,['Back from Japan after a very successful trip. Big progress on MANY fronts. A great country with a wonderful leader in Prime Minister Abe!']
Trump,"['I was actually sticking up for Sleepy Joe Biden while on foreign soil. Kim Jong Un called him a “low IQ idiot,” and many other things, whereas I related the quote of Chairman Kim as a much softer “low IQ individual.” Who could possibly be upset with that?']"
Trump,['Just spoke to Governor @AsaHutchinson of the Great State of Arkansas to inform him that FEMA and the Federal Government will do whatever is necessary to help out with what has turned out to be Record Flooding. Asa and local officials are doing a great job!']
Trump,['.@GovMikeDeWine just updated me on the devastation from the many tornadoes that struck Ohio early this morning. My Administration fully supports the people of the great State of Ohio as they begin the cleanup and recovery.']
Trump,['Storms overnight across Ohio and many other States were very dangerous and damaging. My team continues to update me with reports from emergency managers in the States affected. Listen to your local officials and be resilient. We are with you!']
Trump,['Spoke with @GovStitt of Oklahoma last night from Japan because of the devastating tornadoes. Told him that @FEMA and the federal government are fully behind him and the great people of Oklahoma.']
Trump,['RT @USForcesJapan: LIVE remarks from @POTUS Donald J. Trump aboard #USSWasp in #Japan! https://t.co/BIliRI025v']
Trump,['Can’t wait to see you all soon! https://t.co/KKAw4hqqx5']
Trump,"[""RT @MZHemingway: EXCITING NEWS: I've written a book on the Kavanaugh confirmation with the inimitable @JCNSeverino. A behind-the-scenes loo…""]"
Trump,"['I will be making two stops this morning in Japan to visit with our Great Military, then a quick stop in Alaska and back to D.C. Meetings with Prime Minister Abe went very well, and getting to spend time with the new Emperor and Empress of Japan was a great honor!']"
Trump,"['Anyone associated with the 1994 Crime Bill will not have a chance of being elected. In particular, African Americans will not be able to vote for you. I, on the other hand, was responsible for Criminal Justice Reform, which had tremendous support, &amp; helped fix the bad 1994 Bill!']"
Trump,"['....Super Predator was the term associated with the 1994 Crime Bill that Sleepy Joe Biden was so heavily involved in passing. That was a dark period in American History, but has Sleepy Joe apologized? No!']"
Trump,"[""Hoping things will work out with Israel's coalition formation and Bibi and I can continue to make the alliance between America and Israel stronger than ever. A lot more to do!""]"
Trump,['https://t.co/BmmWXDFMQP']
Trump,"[""Liz Cheney: Statements by agents investigating Trump 'could well be treason' https://t.co/ViG9DSrsXY""]"
Trump,"[""RT @japantimes: U.S. President Donald Trump becomes first foreign leader to meet Japan's Emperor Naruhito. https://t.co/X9Hu4wH3Jz""]"
Trump,['https://t.co/lZRn4j8SpD']
Trump,['The Dems are getting NOTHING done in Congress! They only want a Do-Over on Mueller!']
Trump,"['Impeach for what, having created perhaps the greatest Economy in our Country’s history, rebuilding our Military, taking care of our Vets (Choice), Judges, Best Jobs Numbers Ever, and much more? Dems are Obstructionists! https://t.co/NrTIxU9ZnA']"
Trump,"['.@ianbremmer now admits that he MADE UP “a completely ludicrous quote,” attributing it to me. This is what’s going on in the age of Fake News. People think they can say anything and get away with it. Really, the libel laws should be changed to hold Fake News Media accountable!']"
Trump,['RT @WhiteHouse: President @realDonaldTrump and Prime Minister @AbeShinzo met for bilateral meetings and a working lunch at Akasaka Palace.…']
Trump,"['Great evening last night, thank you! https://t.co/wPjj3yaaru']"
Trump,"['Congratulations to the Great (and my friend) Roger Penske on winning his 18th (UNBELIEVABLE!) Indianapolis 500. I am in Japan, very early in the morning, but I got to watch Simon drive one of the greatest races in the history of the sport. I will see them both, &amp; TEAM, at the WH!']"
Trump,"['The Great Patriots of Rolling Thunder WILL be coming back to Washington, D.C. next year, &amp; hopefully for many years to come. It is where they want to be, &amp; where they should be. Have a wonderful time today. Thank you to our great men &amp; women of the Pentagon for working it out!']"
Trump,['“Why doesn’t the press apologize to President Trump for the Russian Collusion Delusion?” @marklevinshow  @JudgeJeanine  How about the Dems also?']
Trump,['Great progress being made in our Trade Negotiations with Japan. Agriculture and beef heavily in play. Much will wait until after their July elections where I anticipate big numbers!']
Trump,['Great fun and meeting with Prime Minister @AbeShinzo. Numerous Japanese officials told me that the Democrats would rather see the United States fail than see me or the Republican Party succeed - Death Wish!']
Trump,"['Great morning of golf with Prime Minister @AbeShinzo at Mobara Country Club in Chiba, Japan! https://t.co/EZeJ8znS51']"
Trump,"['North Korea fired off some small weapons, which disturbed some of my people, and others, but not me. I have confidence that Chairman Kim will keep his promise to me, &amp; also smiled when he called Swampman Joe Biden a low IQ individual, &amp; worse. Perhaps that’s sending me a signal?']"
Trump,"['Going to play golf right now with @AbeShinzo. Japan loves the game. Tremendous fans of @JackNicklaus, @TigerWoods, and @PhilMickelson — I said what about @GaryPlayer, they said we love Gary too!']"
Trump,['RT @AbeShinzo: President Trump and the First Lady are staying in Japan as the first State Guests of the new era “Reiwa”! TOKYO SKYTREE welc…']
Trump,['RT @USAmbJapan: .@POTUS kicks off historic state visit by discussing ways to deepen economic ties with business leaders. #POTUSinJapan #All…']
Obama,"[""Last week, it was Virginia Beach. But day after day and year after year, too many families and communities are shattered by senseless gun violence. We can't get numb to this. On National Gun Violence Awareness Day, pledge to speak out, #WearOrange — and vote — to protect lives.""]"
Obama,"['RT @ObamaFoundation: Courage is contagious. Watch some of the courageous students who won our first-ever Civic Action Recognition Awards, h…']"
Obama,"[""You've got a lot to be proud of, Jiwandeep. Thanks for everything you do to make this country a little more equal. Turban looks great, by the way. Happy Pride Month, everybody! https://t.co/SO7mgnOkgl""]"
Obama,['What a life. American history has always been driven by visionaries like Leah Chase—and all the men and women who worked and ate at Dooky Chase’s over the years—folks who serve up progress one bowl of gumbo at a time. https://t.co/2LpuIbxvHk https://t.co/Y4i5snKjn7']
Obama,"['A story worth sharing: Twelve years ago, Brian joined my first presidential campaign. Two years ago, he was diagnosed with ALS and launched @iamalsorg to find a cure. Brian and Sandra wake up every day believing that we can win this fight—and that makes me hopeful, too. https://t.co/eETCgFnLgP']"
Obama,"[""Exciting to see the faces of Colombia's future at an @ObamaFoundation roundtable with young leaders in Bogotá. Their creativity, their compassion, and their drive to improve their country are promising signs of what's to come. https://t.co/HrhreUuPMa""]"
Obama,"[""On Memorial Day, we remember all those who gave everything for something greater than themselves. It's up to us to not simply reflect on their sacrifice but to honor it with service of our own—and by living out the values they fought for. https://t.co/tZx3qcHnfV""]"
Obama,['Great to get out there and take a few cuts at the plate yesterday—I had a blast with all these extraordinary young people. Thanks for letting me drop in and thanks to the Nationals Youth Academy for the outstanding work you do to support youth in DC. https://t.co/GKRMd8kZxm']
Obama,"['RT @ObamaFoundation: Congratulations on the inauguration of @ChicagosMayor Lori Lightfoot, Treasurer Melissa Conyears-Ervin, @ChiCityClerk…']"
Obama,"['Here’s a great story: While we’ve still got a lot of work to do to make college affordable for everyone, that didn’t stop Robert F. Smith from seizing an opportunity to make a difference. He’s erasing the student loan debt for this year’s @Morehouse grads. https://t.co/I3X38Pbpjz']"
Obama,"[""Happy Mother's Day to the most caring, brilliant, funny, and grounded woman I know—a perfect role model not just for our daughters, but so many others. Love you, @MichelleObama. https://t.co/liWmYaEPVk""]"
Obama,"['As part of the @ObamaFoundation, moms like Dr. Mwansa Ketty Lubeya are answering the call for change—and raising the next generation of leaders while they’re at it. https://t.co/llToyKG2Y7']"
Obama,"[""RT @MichelleObama: Congratulations, Meghan and Harry! Barack and I are so thrilled for both of you and can't wait to meet him. #RoyalBaby h…""]"
Obama,"[""Happy #CollegeSigningDay, everybody! I'm proud of every student out there who's taking the next step in their education. It's the best thing you can do for yourself and your future. https://t.co/SZQaUG2Zze""]"
Obama,"['Condolences to the family of John Singleton. His seminal work, Boyz n the Hood, remains one of the most searing, loving portrayals of the challenges facing inner-city youth. He opened doors for filmmakers of color to tell powerful stories that have been too often ignored.']"
Obama,"['Congratulations to the new class of @ObamaFoundation Fellows! Their work in every region of the globe is already making the world better, and I hope this experience helps them make an even bigger impact. https://t.co/azK2Y9Iw5c https://t.co/tuKO1SFhSK']"
Obama,"['For thirty-six years, Richard Lugar proved that pragmatism and decency work—not only in Washington but all over the world. Michelle and I send our warmest sympathies to his family and all those who had the privilege of knowing this American statesman. https://t.co/Oy5DzPwkGb']"
Obama,['Dominique’s story is a reminder to us that where you’re from shouldn’t define what you can achieve. I’m proud of her and all students striving for a better future. https://t.co/eD95oWrOk4']
Obama,"[""This generation of climate activists is tired of inaction, and they've caught the attention of leaders all over the world. So while this challenge is only getting more urgent, they show us the kind of action it'll take to meet this moment.""]"
Obama,"['And in the U.S., 13-year old @AlexandriaV2005 of New York, 13-year old @havenruthie of Denver, and 16-year old @israhirsi of Minneapolis are some of the young people leading the fight at home. I hope more of us will follow their example. https://t.co/qe08CGHBEI']"
Obama,"['I met 23-year-old @luisamneubauer in Berlin earlier this month. Luisa, the organizer behind the student movement in Germany, says, “It’s our future and we’re not going to stop fighting for it.” https://t.co/hS03PCWYAq']"
Obama,"[""They're people like 16-year-old @GretaThunberg, whose protests at Swedish parliament sparked a movement. Inspired by Greta's action, Fridays for Future brought together more than a million strikers on every continent last month to demand action on climate. https://t.co/un7nBhEF8i""]"
Obama,"[""Young people all over the world are leading the way in the fight to protect our planet because they know their future depends on it. This Earth Day, I want to celebrate the courageous, committed young leaders who are stepping up to save the one planet we've got.""]"
Obama,"['To all who celebrate today, happy Easter from our family to yours! On this day of rebirth and renewal, let’s recommit to love and serve our brothers and sisters, especially those in need, in every way we can. Have a great day, everybody. https://t.co/BtMyWebGLw']"
Obama,"['The attacks on tourists and Easter worshippers in Sri Lanka are an attack on humanity. On a day devoted to love, redemption, and renewal, we pray for the victims and stand with the people of Sri Lanka.']"
Obama,"['Notre Dame is one of the world’s great treasures, and we’re thinking of the people of France in your time of grief. It’s in our nature to mourn when we see history lost – but it’s also in our nature to rebuild for tomorrow, as strong as we can. https://t.co/SpMEvv1BzB']"
Obama,"['Congratulations, Tiger! To come back and win the Masters after all the highs and lows is a testament to excellence, grit, and determination.']"
Obama,"['Another good story worth sharing: From one ""kid from Akron"" to a new generation of Akron kids, some remarkable early achievements at @IPROMISESchool. Great work, @KingJames—and even better work by those students. Proud to be a witness to their success: https://t.co/ctWfKnA5GL']"
Obama,"['From a big NBA fan, congrats to future Hall of Famers Dwyane Wade and Dirk Nowitzki—not just all-time greats but class acts, too.']"
Obama,"['In just a few minutes, I’m taking the stage at the @ObamaFoundation Town Hall Europe for a conversation about how to best support civic leaders carrying out good work across the continent. I hope you’ll tune in live at https://t.co/swMRHuB5Y4. https://t.co/Ds4I8wFFM1']"
Obama,['A voice everybody should hear. https://t.co/0u7HUlQ8id']
Obama,"[""Here’s a story about people doing good that's worth sharing: @BradPaisley and his wife @Kimwilliamspais saw food insecurity in Nashville and decided to do something about it. They just broke ground on a free grocery store to help families in need: https://t.co/o6pcAApZsm""]"
Obama,"['Great to see Chicago’s historic mayoral race between two highly qualified candidates. Congrats to our next mayor, Lori Lightfoot—and Toni Preckwinkle campaigned hard and did us proud. I know that with our city’s heart and Lori’s leadership, Chicago’s best days are still ahead.']"
Obama,"[""Valerie is one of my oldest friends and advisors – she was by my side when I first decided to run for office and for every major moment of the presidency. @ValerieJarrett's voice has often inspired me and I know “Finding My Voice” will inspire others to lift their voices, too. https://t.co/nWTBDByMoz""]"
Obama,"[""Last night I had the chance to meet with first-term Democrats in Congress—it's a young, diverse class, stocked with a bunch of my campaign and administration alums who’ve taken the torch. This group is going to be driving progress for a long time to come. https://t.co/W5dDlDtNzE""]"
Obama,"['Just in the nick of time: My brackets have never been my one shining moment, but here we go again. You can check out my #MarchMadness picks here: https://t.co/c3bjNrIo4w https://t.co/EcCUdnZjun']"
Obama,"['And here are some ways to help cyclone victims in Mozambique, Malawi, and Zimbabwe: https://t.co/if8HZBtWBH']"
Obama,['The floods in the Midwest and in southern Africa are heartbreaking. Suffering and loss on two sides of the world calls for solidarity and strength from all of us. Ask what you can do to help our fellow Americans and families in need. Here are some ideas: https://t.co/jWJlKABqAb']
Obama,"[""In 2011, I visited the tiny town of Moneygall and got to walk around in the house where my great-great-great grandfather Falmouth Kearney lived his early life. I'll always be grateful for the warmth and generosity of the Irish people. Happy St. Patrick's Day! -Barack O’Bama https://t.co/abDtarFbR5""]"
Obama,['Michelle and I send our condolences to the people of New Zealand. We grieve with you and the Muslim community. All of us must stand against hatred in all its forms.']
Obama,['.@MichelleObama and I are rooting hard for Team USA as the Special Olympics World Games get underway this week. Our Special Olympians are terrific examples of America’s heart and drive.']
Obama,"['What a great moment. Happy 110th, Virginia. https://t.co/FuNZV3RRV4']"
Obama,['Michelle and I send our deepest sympathies to all who knew the victims of today’s plane crash in Ethiopia.']
Obama,"['The Crew Dragon’s been on quite a ride since I last saw it—congrats to @NASA and @SpaceX on a successful return! We invested in the @Commercial_Crew program to strengthen the U.S. space program for the long haul, and it’s great to see that happening. https://t.co/Dsu5mZcaCZ']"
Obama,"['Preethi, Alice, and Sefora are just three of many @ObamaFoundation leaders who remind us what International Women’s Day is all about: imagining a world free of artificial ceilings for the next generation—and doing the hard work to get us there.']"
Obama,"['And @SeforaKodjo is helping the next generation of women leaders in Africa rise up. Her organization is training and mentoring young women across the continent to adopt a new model of leadership, one that puts gender equality at the heart of economic development. https://t.co/cRb4EKcrvv']"
Obama,"['.@BarbeAlice is helping refugees resettle into welcoming communities in France, offering them job training and language immersion, as well as a place to stay. More importantly, she’s fighting a narrative that suggests our differences are more important than our shared humanity. https://t.co/jNIiKIAZaO']"
Obama,"['.@preethiherman is helping women unleash their power to change their societies. As head of the https://t.co/3RwHe5Razz Foundation, she’s leading an initiative that combines online tools with in-person organizing, giving women a voice in her native India—and beyond. https://t.co/TKuAKVL5Y1']"
Obama,"['On International Women’s Day, I’m reflecting on the future we all want for our daughters: one where they can live out their aspirations without limits. And I’m celebrating some of the women who are building that future for all of us today.']"
Obama,"[""It’s up to all of us as citizens to make sure that the rules of democracy are fair—everywhere—because the next decade of our nation's progress is on the line. Join me and @allontheline in the fight against gerrymandering: https://t.co/d7TYE8u0CD. https://t.co/rKchS3ltLI""]"
Obama,['Zion Williamson seems like an outstanding young man as well as an outstanding basketball player. Wishing him a speedy recovery.']
Obama,['I’m about to join @StephenCurry30 on stage with @MBK_Alliance to answer questions from boys and young men of color about the challenges that confront them and the opportunities within their grasp. Tune in at https://t.co/swMRHuB5Y4.']
Obama,"['RT @ObamaFoundation: Ahead of #MBKRising and in honor of Black History Month, @BarackObama shared a nonfiction reading list that can help t…']"
Obama,"['I’ve always loved basketball because it’s about building a team that’s equal to more than the sum of its parts. Glad to see this expansion into Africa because for a rising continent, this can be about a lot more than what happens on the court. https://t.co/lghcLaUN9a']"
Obama,"['Happy Valentine’s Day to the extraordinarily smart, beautiful, funny, one and only @MichelleObama. It’s true; she does get down to Motown. https://t.co/uypbZsEiqB']"
Obama,"[""In the year since their friends were killed, the students of Parkland refused to settle for the way things are and marched, organized, and pushed for the way things should be - helping pass meaningful new gun violence laws in states across the country. I'm proud of all of them.""]"
Obama,"['Don’t be sad it’s over, be proud it taught us so much. Congrats to all the men and women of @NASA on a @MarsRovers mission that beat all expectations, inspired a new generation of Americans, and demands we keep investing in science that pushes the boundaries of human knowledge.']"
Obama,"['Happy 85th birthday to @RealBillRussell - the greatest champion in American sports, and a lifelong warrior for justice.']"
Obama,['RT @MichelleObama: A big part of friendship is showing up for your girls—that’s why I was thrilled to be there for the one and only @alicia…']
Obama,['My statement on the passing of former Congressman John Dingell: https://t.co/gjBYHHImzB']
Obama,"['We lost two great Americans today – Frank Robinson and John Dingell – citizens who inspired me and so many others by leading on the civil rights issues of our time, opening doors to others, and leaving it all on the field.']"
Obama,"['As we celebrate Black History Month and Jackie Robinson’s 100th birthday, we celebrate the life of all whose courage opened the gates for everybody, and in the process, made America better. https://t.co/Fl9aDxqcGi']"
Obama,['The @ObamaFoundation is connecting people from around the world so they can form partnerships just like this. I am inspired by Robert and Vanessa and what’s possible when leaders come together to have an even greater impact on the world. https://t.co/hFAMzW7tBq']
Obama,"['I’ve always drawn inspiration from what Dr. King called life’s most persistent and urgent question: ""What are you doing for others?"" Let’s honor his legacy by standing up for what is right in our communities and taking steps to make a positive impact on the world.']"
Obama,['RT @MBK_Alliance: President Obama challenged us to improve our communities in 2019—and mentorship is a concrete action we can take. With @M…']
Obama,"['I knew it way back then and I’m absolutely convinced of it today — you’re one of a kind, @MichelleObama. Happy Birthday! https://t.co/ejqm0uC9J4']"
Obama,"['In 2018 people stepped up and showed up like never before. Keep it up in 2019. We’ve got a lot of work to do, and I’ll be right there with you. Happy New Year, everybody!']"
Obama,"['I hope you find inspiration in the stories of Dejah, Moussa, Sandor, Hong and Jonny. Their journeys began with a decision to build the better future they wanted to see. The same is true for you. What matters isn’t the size of the step you take; what matters is that you take it.']"
Obama,"['Leaders like Jonny Boucher, a Chicago native who, after losing too many friends and family to suicide, started a coffee shop to offer emotional support and guidance to those who might be in need of a little more than a strong cup of coffee to get through their day. https://t.co/H6XPceR6d9']"
Obama,"['Leaders like Hong Hoang, who mobilized a youth-led movement to create a greener world after becoming the first Vietnamese person to visit Antarctica.\xa0https://t.co/K8xPNC1OCQ']"
Obama,"['Leaders like Moussa Kondo and Sandor Lederer, who are each doing their part to fight corruption in their native countries of Mali and Hungary. Two people separated by continents but united in their pursuit of a more just, transparent society. https://t.co/YbOxSEyyCd']"
Obama,"['Leaders like Dejah Powell, who started an organization to bring health and wellness resources to communities on the South Side of Chicago, expanding food access and providing people the space and time to take care of themselves. https://t.co/tPW7NxTGLO']"
Obama,"['As the year winds down and we look toward 2019, I’m asking you to make a commitment: find something you want to change in your community and take the first step toward changing it. If you need some inspiration, take a look at some of the young leaders who inspired me this year.']"
Obama,"['As 2018 draws to a close, I’m continuing the tradition of sharing my year-end lists. It gives me a moment to reflect on the year through the books, movies, and music that I found most thought-provoking, inspiring, or just plain loved. I hope you enjoy it: https://t.co/qz6TCMKnkL']"
Obama,['Enjoy the holiday season with the ones you love. Michelle and I wish you a very Merry Christmas! https://t.co/LKLqlYfFUw']
Obama,"['There’s no better time than the holidays to give back to your community. Yesterday I got to do just that at @ChildrensHealth. As we celebrate the season and look forward to 2019, let’s recommit to doing our part to build a world that is a little more generous, tolerant, and kind. https://t.co/77rcNoY8jn']"
Obama,"['Merry Christmas and happy holidays to the extraordinary kids, families, and staff at Children’s National. And thanks for humoring me as your stand-in Santa. https://t.co/mFmYCVk7cr']"
Obama,['Today is the last day of open enrollment. That means it’s the deadline to make sure you and the people you love have health insurance in 2019. So head over to https://t.co/ob1Ynoesod to get covered! Here’s what else you need to know today about health care: https://t.co/gosn6c6uCa']
Obama,"['Joe is right. Head to https://t.co/SS87NTsgJt before tomorrow’s deadline. And nice bracelet, by the way. https://t.co/NFy3LxZe3f']"
Obama,"['As Bobby Kennedy taught us, the thing about hope is that it travels through space *and* time, first splashing against the rocks, but eventually breaking down the walls of cruelty and injustice. And if we do our best with the time we’re given, others will take hope in our example. https://t.co/RMJgrWQhP2']"
Obama,"['RT @ObamaFoundation: The Cares Family reaches across generational divides to reduce loneliness in the U.K. Hear more from Alex Smith, found…']"
Obama,"['No jump shots. No ferns. No memes. Not this time. I’m going to give it to you straight: If you need health insurance for 2019, the deadline to get covered is December 15. Go to https://t.co/ob1Ynoesod today and pass this on — you just might save a life. https://t.co/8mHMsXGY0g']"
Obama,['RT @GetUSCovered: Just ONE WEEK LEFT to #GetCovered for 2019. Most folks can find coverage for $75 or less per month.\n\nHead over to https:/…']
Obama,"['Happy Hanukkah! Over these eight nights, we draw inspiration from light that can overpower any darkness, and recommit ourselves to building a brighter future for our families, our communities, and our world. Chag Sameach from the Obama family to yours.']"
Obama,"['America has lost a patriot and humble servant in George Herbert Walker Bush. While our hearts are heavy today, they are also filled with gratitude. Our thoughts are with the entire Bush family tonight – and all who were inspired by George and Barbara’s example. https://t.co/g9OUPu2pjY']"
Obama,"['I am grateful for the next generation of leaders -- the young people who are tolerant, creative, idealistic and doing the work to create the world as it should be. Who understand that hope requires action. From the Obama family to yours, Happy Thanksgiving. https://t.co/AbjXUwCh6z']"
Obama,"['Thanks to the Chicago @FoodDepository team for all you do and to the volunteers who are doing great work and let me crash today. Happy Thanksgiving, everybody! https://t.co/r4QeBeCoT1']"
Obama,['RT @ObamaFoundation: The Obama Presidential Center represents a historic opportunity to build a world-class museum and public gathering spa…']
Obama,"['When someone shares their story, we see the world through their eyes. I’m looking forward to hearing a few from leaders around the world and sharing my own at the @ObamaFoundation Summit in Chicago. Tune in at https://t.co/GYkEOK8EuT. https://t.co/sOllDsDA1Z']"
Obama,"['Our future depends on all our young people, including our boys and young men of color, being able to achieve their dreams. Today, I’m proud to share @MBK_Alliance’s first investments in communities devoted to this mission. Get inspired: https://t.co/dKLWPvrFPC']"
Obama,"['Of course, @MichelleObama’s my wife, so I’m a little biased here. But she also happens to be brilliant, funny, wise – one of a kind. This book tells her quintessentially American story. I love it because it faithfully reflects the woman I have loved for so long. https://t.co/X0i9jja4TE']"
Obama,"['Michelle and I are heartbroken for everybody who’s lost so much in California, and grateful for the heroism of the firefighters who’ve been risking their lives around the clock to save others. Please do what you can to help our fellow Americans in need: https://t.co/13rm1D6Rwk']"
Obama,"[""To all our veterans and your families: thank you. There's no tribute that can truly match the magnitude of your service and sacrifice. But all of us can do our best to live up to the American values of service, responsibility, generosity, and citizenship that you helped defend.""]"
Obama,"['Congratulations to everybody who showed up and participated in our democracy in record numbers yesterday. The change we need won’t come from one election alone – but it is a start. Last night, voters across the country started it. https://t.co/gNk4WkeJUn']"
Obama,"['Today is the day. Today, it’s your turn to raise your voice to change the course of this country for the better. So make it count. Get out there and vote. Go to https://t.co/NKXRGNgbZX or call 833-336-VOTE to confirm where you can vote and check voting hours. https://t.co/6xdMbKhwkr']"
Obama,"['If you take that power and vote, something powerful happens. Change happens. Hope happens. And with each new step we take in the direction of fairness, and justice, and equality, and opportunity, hope spreads. Go vote! https://t.co/NKXRGNgbZX']"
Obama,"['When you vote, you have the power to make it easier for a student to afford college, and harder for a disturbed person to shoot up a classroom. When you vote, you have the power to make sure a family keeps its health insurance.']"
Obama,"['When you vote, you have the power to protect voting rights. To make sure our criminal justice system treats everyone equally under the law. To strengthen laws that protect women in the workplace from harassment – and make sure they’re paid equally.']"
Obama,"[""When we've been at such crossroads before, Americans have made the right choice. Not because we sat back and waited for history to happen -- but because we marched, and mobilized, and voted. We made history happen.""]"
Obama,['Tomorrow’s elections might be the most important of our lifetimes. The health care of millions is on the ballot. Making sure working families get a fair shake is on the ballot. The character of our country is on the ballot.']
Obama,"['Speaking of preexisting conditions, open enrollment starts today. If you or someone you know needs health care, visit https://t.co/ob1Ynoesod. Thanks to financial help, most people can find plans for $75/month or less, so check out your options and find a plan that works for you. https://t.co/R52X9sgkbP']"
Obama,"['Elections matter. You have the power to protect a family’s health care. Make a plan, grab some friends, and vote: https://t.co/rY8Ip1km9p']"
Obama,"[""While we're talking about preexisting conditions, the ACA is the law that finally protected your coverage for preexisting conditions.\n\nThose protections and your health care are absolutely at stake on Tuesday. Vote for Democrats who’ll protect them. https://t.co/BDDmY60u8k""]"
Obama,"[""Not sure who and what you can vote for? Head over to https://t.co/SHxg6ael0O to look up your state, learn who's running to represent you, which measures you can help decide, and more. Read up, and get ready to vote on November 6.""]"
Obama,"[""Your vote can decide the health care of millions. Your voice can determine the character of our country. You have power — use it! In most states, you don't even have to wait until Election Day to cast a ballot. Find out where you can vote before Nov. 6: https://t.co/NKXRGNgbZX https://t.co/hWkFHqi49K""]"
Obama,"['We grieve for the Americans murdered in Pittsburgh. All of us have to fight the rise of anti-Semitism and hateful rhetoric against those who look, love, or pray differently. And we have to stop making it so easy for those who want to harm the innocent to get their hands on a gun.']"
Obama,"['The last presidential election turned on fewer than 100,000 votes in three states. More people go to Coachella. There’s no good excuse not to vote. Head over to https://t.co/zTCemnRMYV to check your registration, get your absentee ballot, and find out where to vote on November 6. https://t.co/LIQbltVJtz']"
Obama,['America is always at our best when we look out for each other. Please do what you can to help people recover and rebuild from Hurricane Michael. https://t.co/psmPZnmlqY']
Obama,"['I’m so proud of the work @MichelleObama has done over the years to ensure adolescent girls have access to education, and I know that the @GirlsAlliance will be another great chapter in her effort to get girls the opportunities they deserve. https://t.co/Ohv6NAylo4']"
Obama,['Congratulations to Drew Brees on the all time passing record. Always a class act.']
Obama,"['Happy Anniversary, @MichelleObama. For 26 years, you’ve been an extraordinary partner, someone who can always make me laugh, and my favorite person to see the world with. https://t.co/s8xoZ9j2YR']"
Obama,"['Today, I’m proud to endorse even more Democratic candidates who aren’t just running against something, but for something—to expand opportunity for all of us and to restore dignity, honor, and compassion to public service. They deserve your vote: https://t.co/NO5jnhX3XD']"
Obama,"['From civil servants to organizers, the young people I met in Amsterdam today are doing the hard work of change. And they keep at it for their communities, their countries, and the collective future of Europe and the world. Keep up the good work. https://t.co/AVtuBPHdr2']"
Obama,"[""The antidote to government by a powerful few is government by the organized, energized many. This National Voter Registration Day, make sure you're registered, vote early if you can, or show up on November 6. This moment is too important to sit out.""]"
Obama,"['The first class of Obama Fellows is full of leaders like Keith—hardworking, innovative, and dedicated to partnering with their communities to drive transformational change. https://t.co/FN794E7Cqs']"
Obama,"[""We will always remember everyone we lost on 9/11, thank the first responders who keep us safe, and honor all who defend our country and the ideals that bind us together. There's nothing our resilience and resolve can’t overcome, and no act of terror can ever change who we are.""]"
Obama,"[""RT @nowthisnews: If you still don't think the midterms will affect you, @BarackObama is back to spell out just how important they are https…""]"
Obama,"[""Today I’m at the University of Illinois to deliver a simple message to young people all over the country: You need to vote, because our democracy depends on it. I hope you'll tune in at 11am CT: https://t.co/34WjNaVAcU""]"
Obama,['Yesterday I met with high school students on Chicago’s Southwest side who spent the summer learning to code some pretty cool apps. Michelle and I are proud to support programs that invest in local youth and we’re proud of these young people. https://t.co/dQnDgswCj5']
Obama,['Our statement on the passing of Senator John McCain: https://t.co/3GBjNYxoj5']
Obama,"['Aretha helped define the American experience. In her voice, we could feel our history, all of it and in every shade—our power and our pain, our darkness and our light, our quest for redemption and our hard-won respect. May the Queen of Soul rest in eternal peace. https://t.co/bfASqKlLc5']"
Obama,"['Bobby Kennedy was one of my heroes. He was someone who showed us the power of acting on our ideals, the idea that any of us can be one of the “million different centers of energy and daring” that ultimately combine to change the world for the better. https://t.co/nAiPiGercs']"
Obama,"['I’m confident that, together, they’ll strengthen this country we love by restoring opportunity, repairing our alliances and standing in the world, and upholding our fundamental commitment to justice, fairness, responsibility, and the rule of law. But first, they need our votes.']"
Obama,"['Today I’m proud to endorse such a wide and impressive array of Democratic candidates – leaders as diverse, patriotic, and big-hearted as the America they’re running to represent: https://t.co/gWzalQhFas']"
Obama,"[""Mandela Day is about taking action to change the world for the better. In these young people, I see Madiba's example of persistence and hope. They are poised to make this world more peaceful, more prosperous, and more just. https://t.co/GJDuOs1hkH""]"
Obama,"['This week, I’m traveling to Africa for the first time since I left office – a continent of wonderful diversity, thriving culture, and remarkable stories. As I prepare for this trip, I wanted to share a list of books that I’d recommend for summer reading: https://t.co/W4Jc0N23iy']"
Obama,['RT @MichelleObama: Sometimes truth transcends party. https://t.co/TeFM7NmNzU']
Obama,"['Congratulations to the @Capitals! This @NHLBlackhawks fan knows what it’s like to lift that cup – and I’m happy for all the Caps fans who cheer so hard for their team, and for a team that celebrates so hard with its fans.']"
Obama,"['“Low plastic stool, cheap but delicious noodles, cold Hanoi beer.” This is how I’ll remember Tony. He taught us about food — but more importantly, about its ability to bring us together. To make us a little less afraid of the unknown. We’ll miss him. https://t.co/orEXIaEMZM']"
Obama,"['This National Gun Violence Awareness Day, show your commitment to keeping our kids safe from gun violence. Then, for everyone we’ve lost, take action to change our leadership and our laws until they reflect that commitment - no matter how long it takes. https://t.co/lraIwlQAgl']"
Obama,"['We can never truly repay the debt we owe our fallen heroes. But we can remember them, honor their sacrifice, and affirm in our own lives those enduring ideals of justice, equality, and opportunity for which generations of Americans have given that last full measure of devotion. https://t.co/pRxwmaMClL']"
Obama,['This Center is for the leaders of tomorrow who are ready to step up and build the world as it should be. Michelle and I are grateful to Chicagoans and the Chicago City Council for making it happen. https://t.co/86uiJ55azV']
Obama,"['Happy Mother’s Day to every mom out there, especially the remarkable moms in my life, @MichelleObama and my mother-in-law, Marian Robinson. https://t.co/n65fyWg7O8']"
Obama,['There are few issues more important to the security of the US than the potential spread of nuclear weapons or the potential for even more destructive war in the Middle East. Today’s decision to put the JCPOA at risk is a serious mistake. My full statement: https://t.co/4oTdXESbxe']
Obama,['RT @MichelleObama: Happy #CollegeSigningDay! So excited to be in Philly to celebrate all the young people making the commitment to higher e…']
Obama,"['These talented young people will create a better future not just in Africa, but around the world. I can’t wait to spend some time with @ObamaFoundation Leaders and look forward to honoring the Mandela legacy in Johannesburg this summer. https://t.co/b73wGIW4Gj']"
Obama,['Our statement on the passing of Former First Lady Barbara Bush: https://t.co/MhTVYCL9Nj']
Obama,['RT @ObamaFoundation: We just announced the inaugural class of #ObamaFellows. These 20 civic leaders have carried out inspiring work around…']
Obama,"['RT @ObamaFoundation: This week—50 years since Dr. Martin Luther King, Jr. was killed—@BarackObama and @RepJohnLewis sat down with a group o…']"
Obama,['Incredible to have a Chicago team in the Final Four. I’ll take that over an intact bracket any day! Congratulations to everybody @LoyolaChicago - let’s keep it going!']
Obama,['Michelle and I are so inspired by all the young people who made today’s marches happen. Keep at it. You’re leading us forward. Nothing can stand in the way of millions of voices calling for change.']
Obama,"['Our most important task as a nation is to make sure all our young people can achieve their dreams. We’ve started this work with @MBK_Alliance, but there’s so much more all of us have to do—government, private sector, academia &amp; community leaders—to change the odds for our kids. https://t.co/7f7A0HmK50']"
Obama,"['In Singapore with young people who are advocating for education, empowering young women, and getting involved all over Southeast Asia with a profoundly optimistic commitment to building the world they want to see. https://t.co/so4Uqouu8M']"
Obama,['41: I like the competition. And the loyalty to the home team. - 44 https://t.co/XG3ChMtW0M']
Obama,['Congrats to @LoyolaChicago and Sister Jean for a last-second upset - I had faith in my pick!']
Obama,"['Just because I have more time to watch games doesn’t mean my picks will be better, but here are my brackets this year: https://t.co/ETRchPcZxF https://t.co/gnNXw0Ysxr']"
Obama,['Have fun out there among the stars. https://t.co/S285MTwGtp']
Obama,"['Four years ago, @MichelleObama and I had the privilege to host Lt. Cmdr. Dan Cnossen and his fellow Paralympians and Olympians at the White House. Today, we’re so proud of him for winning gold and silver - while still representing the red, white, and blue. https://t.co/evDCV7zehM']"
Obama,"['I got my start holding community meetings in Chicago, so it was fun to be home for one tonight. Michelle and I want the world to come together on the South Side at a place built with local ideas, values, and hopes. That’s the @ObamaFoundation and Presidential Center. https://t.co/ccwkqAY7P5']"
Obama,"[""Young people have helped lead all our great movements. How inspiring to see it again in so many smart, fearless students standing up for their right to be safe; marching and organizing to remake the world as it should be. We've been waiting for you. And we've got your backs.""]"
Obama,"['Billy Graham was a humble servant who prayed for so many - and who, with wisdom and grace, gave hope and guidance to generations of Americans.']"
Obama,"[""We are grieving with Parkland. But we are not powerless. Caring for our kids is our first job. And until we can honestly say that we're doing enough to keep them safe from harm, including long overdue, common-sense gun safety laws that most Americans want, then we have to change.""]"
Obama,"['Happy Valentine’s Day, @MichelleObama. You make every day and every place better. https://t.co/aWvyytR7Mm']"
Obama,"['RT @MichelleObama: Happy #ValentinesDay to my one and only, @BarackObama. To celebrate the occasion, I’m dedicating a little Valentine’s Da…']"
Obama,"['Dr. King was 26 when the Montgomery bus boycott began. He started small, rallying others who believed their efforts mattered, pressing on through challenges and doubts to change our world for the better. A permanent inspiration for the rest of us to keep pushing towards justice.']"
Obama,"['All across America people chose to get involved, get engaged and stand up. Each of us can make a difference, and all of us ought to try. So go keep changing the world in 2018.']"
Obama,"['Ten-year-old Jahkil Jackson is on a mission to help homeless people in Chicago. He created kits full of socks, toiletries, and food for those in need. Just this week, Jahkil reached his goal to give away 5,000 “blessing bags.” That’s a story from 2017. https://t.co/muxPZnEGkd']"
Obama,"['Chris Long gave his paychecks from the first six games of the NFL season to fund scholarships in Charlottesville, VA. He wanted to do more, so he decided to give away an entire season’s salary. That’s a story from 2017. https://t.co/NL0RoARkan']"
Obama,"['Kat Creech, a wedding planner in Houston, turned a postponed wedding into a volunteer opportunity for Hurricane Harvey victims. Thirty wedding guests became an organization of hundreds of volunteers. That’s a story from 2017. https://t.co/yxhjwkr5Se']"
Obama,"[""As we count down to the new year, we get to reflect and prepare for what’s ahead. For all the bad news that seemed to dominate our collective consciousness, there are countless stories from this year that remind us what's best about America.""]"
Obama,"['RT @MBK_Alliance: I am my Brother’s Keeper. \nWatch our new PSA with @BarackObama, @StephenCurry30 &amp; @chancetherapper, then take action to s…']"
Obama,"['On behalf of the Obama family, Merry Christmas! We wish you joy and peace this holiday season. https://t.co/CNFUZrhrBj']"
Obama,"[""There's no better time than the holiday season to reach out and give back to our communities. Great to hear from young people at the Boys &amp; Girls Club in DC today. https://t.co/FSJkj1qwg9""]"
Obama,"['Happy Hanukkah, everybody, from the Obama family to yours. Chag Sameach!']"
Obama,"[""Just got off a call to thank folks who are working hard to help more Americans across the country sign up for health coverage. But it's up to all of us to help spread the word: Sign up through this Friday at https://t.co/ob1Ynoesod. https://t.co/8TYpLCestp""]"
Obama,['RT @ObamaFoundation: Watch: We hosted a Town Hall in New Delhi with @BarackObama and young leaders about how to drive change and make an im…']
Obama,['Michelle and I are delighted to congratulate Prince Harry and Meghan Markle on their engagement. We wish you a lifetime of joy and happiness together.']
Obama,"['From the Obama family to yours, we wish you a Happy Thanksgiving full of joy and gratitude. https://t.co/xAvSQwjQkz']"
Obama,"['ME:  Joe, about halfway through the speech, I’m gonna wish you a happy birth--\nBIDEN:  IT’S MY BIRTHDAY!\nME:  Joe.\n \nHappy birthday to @JoeBiden, my brother and the best vice president anybody could have. https://t.co/sKbXjNiEjH']"
Obama,"['RT @ObamaFoundation: Today, we honor those who have honored our country with its highest form of service. https://t.co/IbJNCwIofL https://t…']"
Obama,"[""This is what happens when the people vote. Congrats @RalphNortham and @PhilMurphyNJ . And congratulations to all the victors in state legislative, county and mayors' races. Every office in a democracy counts!""]"
Obama,['Every election matters - those who show up determine our future. Go vote tomorrow! https://t.co/j1wh8hLamw']
Obama,['May God also grant all of us the wisdom to ask what concrete steps we can take to reduce the violence and weaponry in our midst.']
Obama,"['We grieve with all the families in Sutherland Springs harmed by this act of hatred, and we’ll stand with the survivors as they recover...']"
Obama,"['Starting today, you can sign up for 2018 health coverage. Head on over to https://t.co/ob1Ynoesod and find a plan that meets your needs. https://t.co/6vYt83w74T']"
Obama,"[""Michelle and I are thinking of the victims of today's attack in NYC and everyone who keeps us safe. New Yorkers are as tough as they come.""]"
Obama,"['Hello, #ObamaSummit! Thrilled to host civic leaders in Chicago from all over the world. Follow along at @ObamaFoundation.']"
Obama,"['I’ll let you and @ladygaga handle the singing, and we’ll handle the donations. There’s still time to give: https://t.co/o5oCWOtiJS. https://t.co/uKCBwAL2hs']"
Obama,['Tonight the ex-Presidents are getting together in Texas to support all our fellow Americans rebuilding from this year’s hurricanes. Join us. https://t.co/RShkuueyoj']
Obama,"[""I'm grateful to @SenJohnMcCain for his lifetime of service to our country. Congratulations, John, on receiving this year's Liberty Medal.""]"
Obama,['Michelle &amp; I are praying for the victims in Las Vegas. Our thoughts are with their families &amp; everyone enduring another senseless tragedy.']
Obama,['Proud to cheer on Team USA at the Invictus Games today with my friend Joe. You represent the best of our country. https://t.co/WBzcltmgqj']
Obama,"[""We're expanding our efforts to help Puerto Rico &amp; the USVI, where our fellow Americans need us right now. Join us at https://t.co/o5oCWOtiJS https://t.co/L2xArjc9N7""]"
Obama,"['Prosecutor, soldier, family man, citizen. Beau made us want to be better. What a legacy to leave. What a testament to @JoeBiden. https://t.co/078Pt7evMZ']"
Obama,['RT @gatesfoundation: President @BarackObama addresses #Goalkeepers17 starting at 12:40 PM. Tune in here: https://t.co/XmHBErSHYw']
Obama,['Thinking about our neighbors in Mexico and all our Mexican-American friends tonight. Cuidense mucho y un fuerte abrazo para todos.']
Obama,"['Coding is important – and fun. @CSforAll, thanks for your work to make sure every kid can compete in a high-tech, global economy. https://t.co/QDZqcoEQiM']"
Obama,"[""Michelle and I want the @ObamaFoundation to inspire and empower people to change the world. Here's how we're getting started this fall. https://t.co/Q8a4voDXjV""]"
Obama,['We remember everyone we lost on 9/11 and honor all who defend our country and our ideals. No act of terror will ever change who we are.']
Obama,"['RT @GeorgeHWBush: Across the U.S., Americans have answered the call to help with hurricane recovery. Praying for all Floridians. #Irma http…']"
Obama,['Proud of these McKinley Tech students—inspiring young minds that make me hopeful about our future. https://t.co/nqYC1mjjTB']
Obama,['Americans always answer the call. https://t.co/SV1jixOExu https://t.co/ktEvL6s89d']
Obama,"['To target hopeful young strivers who grew up here is wrong, because they’ve done nothing wrong. My statement: https://t.co/TCxZdld7L4']"
Obama,"[""Thank you to all the first responders and people helping each other out. That's what we do as Americans. Here's one way you can help now. https://t.co/iGfE8rAoAu""]"
Obama,['Michelle and I are thinking of the victims and their families in Barcelona. Americans will always stand with our Spanish friends. Un abrazo.']
Obama,"['""...For love comes more naturally to the human heart than its opposite."" - Nelson Mandela']"
Obama,"['""People must learn to hate, and if they can learn to hate, they can be taught to love...""']"
Obama,"['""No one is born hating another person because of the color of his skin or his background or his religion..."" https://t.co/InZ58zkoAm']"
Obama,"[""John McCain is an American hero &amp; one of the bravest fighters I've ever known. Cancer doesn't know what it's up against. Give it hell, John.""]"
